"Unidad médica","Estado","Institución","CLUES","% de Ocupación"
"Instituto Nacional de Neurología Y Neurocirugía Manuel Velasco Suárez","Ciudad de México","SSA/CC","DFSSA004060","100"
"Hgzmf 18 Torreon","Coahuila de Zaragoza","IMSS","CLIMS000444","100"
"Clínica Hospital Mérida","Yucatán","ISSSTE","YNIST000170","100"
"Hospital General Dr. Manuel Gea González","Ciudad de México","SSA/CC","DFSSA003961","50"
"Hospital Basico Comunitario de Tecuala","Nayarit","SSA","NTSSA016072","50"
"Hospital General de Zona No 33","Nayarit","IMSS","NTIMS000342","50"
"Hidalgo","Tamaulipas","IMSS-BIENESTAR","TSIMO001250","50"
"Hgr 66 Cd. Juárez","Chihuahua","IMSS","CHIMS000573","50"
"Hgr 72 Gustavo Baz","México","IMSS","MCIMS000746","33"
"Hg Infantil Eva Samano de López Mateos","Michoacán de Ocampo","SSA","MNSSA001874","33"
"20 de Noviembre","Ciudad de México","ISSSTE","DFIST000312","30"
"Hgz 49 Los Mochis","Sinaloa","IMSS","SLIMS000020","25"
"Hospital Militar Regional de San Luis Potosí Slp.","San Luis Potosí","SEDENA","SPSDN000015","20"
"Presidente Benito Juarez","Oaxaca","ISSSTE","OCIST000112","20"
"Tampico","Tamaulipas","ISSSTE","TSIST000182","20"
"Bicentenario de La Independencia","México","ISSSTE","MCIST000425","17"
"Hospital General Queretaro","Querétaro","SSA","QTSSA001752","17"
"H.g. Dr. Maximiliano Ruíz Castañeda","México","SSA","MCSSA004074","14"
"Hospital General de Chalco","México","SSA","MCSSA001682","9"
"Valentin Gomez Farias","Jalisco","ISSSTE","JCIST000132","8"
"Centenario Hospital Miguel Hidalgo","Aguascalientes","SSA","ASSSA001331","8"
"Hospital Regional de Alta Especialidad de La Península de Yucatán","Yucatán","SSA/CC","YNSSA013423","8"
"Hospital General Torreón","Coahuila de Zaragoza","SSA","CLSSA002862","7"
"Hospital General Ajusco Medio","Ciudad de México","SSA","DFSSA018166","7"
"19","Guanajuato","SSA","GTSSA002101","5"
"19 En Valladolid","Yucatán","SSA","YNSSA001871","4"
"Hospital General Dr. Norberto Treviño Zapata","Tamaulipas","SSA","TSSSA002810","3"
"Hospital General de Occidente","Jalisco","SSA","JCSSA007066","2"
"Centro Médico Issemym Lic. Arturo Montiel Rojas Issemym","México","SME","MCSME000921","2"
"Hospital General de Mexicali","Baja California","SSA","BCSSA000440","1"
"Hospital Regional de Cuencame","Durango","SSA","DGSSA000116","0"
"Cd. Cancun","Quintana Roo","ISSSTE","QRIST000055","0"
"Swiss Hospital S.a.p.i. de C.v.","Nuevo León","SMP","NLSMP001355","0"
"Hospital General San Juan del Río","Querétaro","SSA","QTSSA012935","0"
"Merida","Yucatán","ISSSTE","YNIST000030","0"
"Hosp. Gral. Renacimiento","Guerrero","SSA","GRSSA000034","0"
"H.g. Valle de Bravo","México","SSA","MCSSA007982","0"
"Hospital General Actopan","Hidalgo","SSA","HGSSA000156","0"
"Hospital Comunitario Salinas de Hidalgo","San Luis Potosí","SSA","SPSSA001032","0"
"Hospital General de Huejotzingo","Puebla","SSA","PLSSA009001","0"
"Hospital General de Axapusco","México","SSA","MCSSA014143","0"
"Hospital Regional de Alta Especialidad Dr. Gustavo A. Rovirosa Pérez","Tabasco","SSA","TCSSA001052","0"
"Hospital Lic. Adolfo López Mateos (cd. Obregón)","Sonora","SME","SRSME000023","0"
"Hospital General de Cancún Dr Jesus Kumate Rodriguez","Quintana Roo","SSA","QRSSA018062","0"
"19 Tuxtla","Chiapas","SSA","CSSSA009471","0"
"Zacapu","Michoacán de Ocampo","ISSSTE","MNIST000214","0"
"Dr. Fernando Ocaranza","Sonora","ISSSTE","SRIST000133","0"
"Hospital General Cd. Acuña","Coahuila de Zaragoza","SSA","CLSSA000033","0"
"Hospital Militar Regional de Tampico Tamps.","Tamaulipas","SEDENA","TSSDN000014","0"
"Centro de Salud Con Servicios Ampliados de San Felipe Hueyotlipan","Puebla","SSA","PLSSA009241","0"
"Hospital General de Acatlán de Osorio","Puebla","SSA","PLSSA008572","0"
"Hospital Comunitario Yuriria","Guanajuato","SSA","GTSSA017431","0"
"Hospital Comunitario La Huerta","Jalisco","SSA","JCSSA002632","0"
"Hospital Regional Otomi Tepehua","Hidalgo","SSA","HGSSA002751","0"
"Hospital Comunitario Atotonilco El Alto Madre María Luisita de La Peña Navarro","Jalisco","SSA","JCSSA013762","0"
"Dr. Manuel Cardenas de La Vega","Sinaloa","ISSSTE","SLIST000085","0"
"Hospital General Valle de Santiago","Guanajuato","SSA","GTSSA017385","0"
"Nueva Rosita","Coahuila de Zaragoza","ISSSTE","CLIST000193","0"
"Hospital General de Mazatlán","Sinaloa","SSA","SLSSA002585","0"
"Uruapan del Progreso","Michoacán de Ocampo","ISSSTE","MNIST000202","0"
"Hospital Regional de Puerto Vallarta","Jalisco","SSA","JCSSA004230","0"
"Hospital General San Francisco","Nayarit","SSA","NTSSA002084","0"
"Hospital Regional  Yahualica","Jalisco","SSA","JCSSA006890","0"
"Dr. Rafael Barba Ocampo","Morelos","ISSSTE","MSIST000025","0"
"Hospital General de Escarcega Dr. Janell Romero Aguilar","Campeche","SSA","CCSSA017682","0"
"Hospital General Dr. Pedro Daniel Martínez","Michoacán de Ocampo","SSA","MNSSA003735","0"
"Hospital Tlahuac","Ciudad de México","ISSSTE","DFIST001053","0"
"Hospital General Patzcuaro","Michoacán de Ocampo","SSA","MNSSA005280","0"
"Huauchinango","Puebla","ISSSTE","PLIST000072","0"
"Hospital Comunitario Mazamitla","Jalisco","SSA","JCSSA008075","0"
"Hospital Comunitario Las Joyas","Guanajuato","SSA","GTSSA005613","0"
"Hospital General Irapuato","Guanajuato","SSA","GTSSA001652","0"
"H.g. Dr. José María Rodríguez","México","SSA","MCSSA002184","0"
"Hospital General Culiacán","Sinaloa","SSA","SLSSA000666","0"
"Hospital General Milpa Alta","Ciudad de México","SSA","DFSSA002066","0"
"Hospital Integral San Ignacio","Sinaloa","SSA","SLSSA017570","0"
"Hospital Comunitario Ebano","San Luis Potosí","SSA","SPSSA002770","0"
"Hospital General Puruandiro","Michoacán de Ocampo","SSA","MNSSA016480","0"
"Sanatorio Naval de Pto. Vallarta","Jalisco","SEMAR","JCSMA000011","0"
"Hospital Naval de Tampico","Tamaulipas","SEMAR","TSSMA000032","0"
"Hospital Comunitario Manuel Doblado","Guanajuato","SSA","GTSSA017390","0"
"Hospital Metropolitano","Nuevo León","SSA","NLSSA004046","0"
"Guanajuato","Guanajuato","ISSSTE","GTIST000074","0"
"Zacatipan","Puebla","IMSS-BIENESTAR","PLIMO000551","0"
"Teziutlan","Puebla","ISSSTE","PLIST000171","0"
"Hospital General Agustín O´horán","Yucatán","SSA","YNSSA000565","0"
"Hospital General de Tekax","Yucatán","SSA","YNSSA013476","0"
"19 Tapachula","Chiapas","SME","CSSME000100","0"
"Hospital General Pachuca","Hidalgo","SSA","HGSSA002430","0"
"Dr. Fernando Quiroz Gutierrez","Ciudad de México","ISSSTE","DFIST000196","0"
"Centro de Alta Especialidad  Dr. Rafael Lucio","Veracruz de Ignacio de La Llave","SSA","VZSSA002965","0"
"Hospital Regional de Alta Especialidad Ixtapaluca","México","SSA/CC","MCSSA018786","0"
"Hgzmf 5 Zacatepec","Morelos","IMSS","MSIMS000235","0"
"Hospital General Tijuana","Baja California","SSA","BCSSA000913","0"
"Hospitaria","Nuevo León","SMP","NLSMP001271","0"
"Hgrmf 1 Cuernavaca","Morelos","IMSS","MSIMS000054","0"
"Hospital General Bicentenario Villaflores","Chiapas","SSA","CSSSA018875","0"
"Hospital Rural Los Hernandez","San Luis Potosí","IMSS-BIENESTAR","SPIMO002651","0"
"Hospital General León","Guanajuato","SSA","GTSSA005683","0"
"Hg Maravatio","Michoacán de Ocampo","SSA","MNSSA016475","0"
"Hospital General Juárez Arriaga","Chiapas","SSA","CSSSA000453","0"
"Hospital Comunitario San Francisco del Rincón","Guanajuato","SSA","GTSSA003793","0"
"Hospital Regional Tepatitlan","Jalisco","SSA","JCSSA005584","0"
"Hospital Militar de Zona de El Vergel Iztapalapa","Ciudad de México","SEDENA","DFSDN000016","0"
"Hospital General de Huamantla","Tlaxcala","SSA","TLSSA017983","0"
"Hgzmf 2 Salina Cruz","Oaxaca","IMSS","OCIMS000170","0"
"Hgz 1 Carlos Mcgregor","Ciudad de México","IMSS","DFIMS000534","0"
"Hg Cuicatlan Dr. Alberto Vargas Merino","Oaxaca","SSA","OCSSA002052","0"
"Hg Puerto Escondido","Oaxaca","SSA","OCSSA020030","0"
"Hes Cmn Siglo Xxi","Ciudad de México","IMSS","DFIMS000580","0"
"Pinos","Zacatecas","IMSS-BIENESTAR","ZSIMO000820","0"
"Ensenada","Baja California","ISSSTE","BCIST000011","0"
"Hospital General El Dorado","Sinaloa","SSA","SLSSA018265","0"
"Hospital General de Guamuchil","Sinaloa","SSA","SLSSA018113","0"
"Zacatecas","Zacatecas","ISSSTE","ZSIST000160","0"
"Hospital General Villa","Ciudad de México","SSA","DFSSA000881","0"
"Hospital General San Carlos","Yucatán","SSA","YNSSA001224","0"
"H.g. Chimalhuacán","México","SSA","MCSSA002020","0"
"Hospital Regional de Magdalena","Jalisco","SSA","JCSSA003496","0"
"Enfermería Militar de Ixtepec Oax.","Oaxaca","SEDENA","OCSDN000014","0"
"Dra. Columba Rivera Osorio","Hidalgo","ISSSTE","HGIST000106","0"
"Hgzmf 24 Nueva Rosita","Coahuila de Zaragoza","IMSS","CLIMS000391","0"
"Hgz 11 Jalapa","Veracruz de Ignacio de La Llave","IMSS","VZIMS000564","0"
"Hgz 5 Metepec","Puebla","IMSS","PLIMS000043","0"
"Hgzmf 6 Tepeji del Rio","Hidalgo","IMSS","HGIMS000123","0"
"Hgr 20 Tijuana","Baja California","IMSS","BCIMS000262","0"
"Hospital General de Soledad de Graciano Sánchez","San Luis Potosí","SSA","SPSSA017313","0"
"Hgsmf 9 Apatzigan","Michoacán de Ocampo","IMSS","MNIMS000021","0"
"Gomez Palacio","Durango","ISSSTE","DGIST000054","0"
"Nocupetaro","Michoacán de Ocampo","SSA","MNSSA016516","0"
"Cd. Delicias","Chihuahua","ISSSTE","CHIST000042","0"
"Hospital Comunitario Tomatlan","Jalisco","SSA","JCSSA006115","0"
"Guadalajara","Jalisco","ISSSTE","JCIST000873","0"
"Hgzmf 3 Salamanca","Guanajuato","IMSS","GTIMS000330","0"
"Hgz 71 Chalco","México","IMSS","MCIMS000145","0"
"Hospital Integral Choix","Sinaloa","SSA","SLSSA000963","0"
"Hospital General Reynosa Dr. José María Cantú Garza","Tamaulipas","SSA","TSSSA001772","0"
"San Salvador El Seco","Puebla","IMSS-BIENESTAR","PLIMO002004","0"
"Huajuapan de Leon","Oaxaca","ISSSTE","OCIST000042","0"
"Hospital Integral de Bacalar","Quintana Roo","SSA","QRSSA000460","0"
"Hospital General Dr. Raymundo Abarca Alarcón","Guerrero","SSA","GRSSA009950","0"
"Tlaxcala","Tlaxcala","ISSSTE","TLIST000042","0"
"Hc San Pedro Huamelula","Oaxaca","SSA","OCSSA021256","0"
"Hospital General de La Zona Norte  Bicentenario de La Independencia","Puebla","SSA","PLSSA015230","0"
"Río Grande","Zacatecas","IMSS-BIENESTAR","ZSIMO000914","0"
"Hospital General de Matehuala","San Luis Potosí","SSA","SPSSA002992","0"
"Hospital General Ixtlahuaca Valentin Gómez Farías","México","SSA","MCSSA002872","0"
"Hospital General Ometepec","Guerrero","SSA","GRSSA005762","0"
"19 Villaflores","Chiapas","SSA","CSSSA009500","0"
"H.g. Dr. Fernando Quiroz Gutiérrez","México","SSA","MCSSA008945","0"
"Hospital Integral de Isla Mujeres","Quintana Roo","SSA","QRSSA001826","0"
"Hospital General Escuinapa","Sinaloa","SSA","SLSSA018253","0"
"Hospital General La Cruz","Sinaloa","SSA","SLSSA017594","0"
"Hgr 1 Chihuahua","Chihuahua","IMSS","CHIMS000136","0"
"He de La Niñez Oaxaqueña","Oaxaca","SSA","OCSSA001463","0"
"Hgz 2 Cardenas","Tabasco","IMSS","TCIMS000022","0"
"Tepexi de Rodríguez","Puebla","IMSS-BIENESTAR","PLIMO002272","0"
"Matamoros","Coahuila de Zaragoza","IMSS-BIENESTAR","CLIMO000281","0"
"Hg Ciudad Ixtepec","Oaxaca","SSA","OCSSA016764","0"
"Hgz 3 Mante","Tamaulipas","IMSS","TSIMS000182","0"
"Jáltipan de Morelos","Veracruz de Ignacio de La Llave","IMSS-BIENESTAR","VZIMO002105","0"
"Hospital Comunitario Cihuatlan","Jalisco","SSA","JCSSA001261","0"
"Hospital Integral de Calkiní","Campeche","SSA","CCSSA017403","0"
"Hospital General Atlacomulco","México","SSA","MCSSA010123","0"
"Hospital Militar de Zona de Guadalupe Zac.","Zacatecas","SEDENA","ZSSDN000016","0"
"Hospital Materno Infantil Issemym","México","SME","MCSME000916","0"
"Hospital Mixto Jesús María","Nayarit","SSA","NTSSA000660","0"
"Hgzmf 1 San Luis Potosi","San Luis Potosí","IMSS","SPIMS000171","0"
"Hg Pinotepa Pedro Espinoza Rueda","Oaxaca","SSA","OCSSA005383","0"
"Guadalupe Victoria","Durango","IMSS-BIENESTAR","DGIMO000352","0"
"Hospital Basico Comunitario Las Varas","Nayarit","SSA","NTSSA016084","0"
"Hgsmf 26 Tuxpan","Veracruz de Ignacio de La Llave","IMSS","VZIMS001071","0"
"Hospital Movil Temporal Covid","Oaxaca","SSA","OCSSA007920","0"
"Hospital General de Atlixco Gonzalo Río Arronte","Puebla","SSA","PLSSA009292","0"
"Hgz 3 Cancun","Quintana Roo","IMSS","QRIMS000060","0"
"Metepec","Hidalgo","IMSS-BIENESTAR","HGIMO000952","0"
"Hg Putla Amigo del Niño Y de La Madre","Oaxaca","SSA","OCSSA020655","0"
"Hgzmf 1 Campeche","Campeche","IMSS","CCIMS000016","0"
"Hg Tehuantepec","Oaxaca","SSA","OCSSA018473","0"
"Hospital General de Agua Prieta","Sonora","SSA","SRSSA017671","0"
"Hospital General Huauchinango","Puebla","SSA","PLSSA016543","0"
"Villa Ávila Camacho (la Ceiba)","Puebla","IMSS-BIENESTAR","PLIMO002803","0"
"Hospital Pediátrico Iztapalapa","Ciudad de México","SSA","DFSSA001511","0"
"Umf 13 Azcapotzalco","Ciudad de México","IMSS","DFIMS000032","0"
"Hgz 2 Fresnillo","Zacatecas","IMSS","ZSIMS000090","0"
"Hes 14 Cmn Verac","Veracruz de Ignacio de La Llave","IMSS","VZIMS001112","0"
"Hgsmf 5 Taxco","Guerrero","IMSS","GRIMS000182","0"
"Hospital General San Felipe del Progreso","México","SSA","MCSSA005095","0"
"Hgz 3 S. Juan del Rio","Querétaro","IMSS","QTIMS000186","0"
"Centro de Salud Con Servicios Ampliados (cessa) de Amozoc","Puebla","SSA","PLSSA008503","0"
"Hgz 58 Las Margaritas","México","IMSS","MCIMS000734","0"
"Paracho de Verduzco","Michoacán de Ocampo","IMSS-BIENESTAR","MNIMO001796","0"
"Hgzmf 2 Monterrey","Nuevo León","IMSS","NLIMS000373","0"
"Hc Tamazola","Oaxaca","SSA","OCSSA019132","0"
"Hgz 1 Zacatecas","Zacatecas","IMSS","ZSIMS000353","0"
"Hgzmf 3 Mazatlan","Sinaloa","IMSS","SLIMS000341","0"
"Cessa Romero Vargas","Puebla","SSA","PLSSA009214","0"
"Uneme de Urgencias Zacatecas","Zacatecas","SSA","ZSSSA013172","0"
"Hospital Universitario Dr. José Eleuterio González","Nuevo León","HUN","NLHUN000014","0"
"La Paz","Baja California Sur","ISSSTE","BSIST000330","0"
"Hospital Comunitario Ojuelos","Jalisco","SSA","JCSSA003986","0"
"Hc Valle Nacional","Oaxaca","SSA","OCSSA020025","0"
"Hospital Central Dr. Ignacio Morones Prieto","San Luis Potosí","SSA","SPSSA001102","0"
"Hc Hospital Integral Comunitario Chalcatongo","Oaxaca","SSA","OCSSA000343","0"
"Villamar","Michoacán de Ocampo","IMSS-BIENESTAR","MNIMO003942","0"
"Hgz 3 Tuxtepec","Oaxaca","IMSS","OCIMS000182","0"
"San Cayetano","Nayarit","IMSS-BIENESTAR","NTIMO000705","0"
"Hgz 1 Tepic","Nayarit","IMSS","NTIMS000190","0"
"Centenario de La Revolucion Mexicana","Morelos","ISSSTE","MSIST000293","0"
"Hospital de La Mujer","Michoacán de Ocampo","SSA","MNSSA001862","0"
"Dr. Daniel Gurria Urgell","Tabasco","ISSSTE","TCIST000063","0"
"Hgzmf 32 Minatitlan","Veracruz de Ignacio de La Llave","IMSS","VZIMS000680","0"
"Hospital General Rosamorada","Nayarit","SSA","NTSSA000800","0"
"Guaymas","Sonora","ISSSTE","SRIST000104","0"
"Hospital de Especialidades  Pediatrico León","Guanajuato","SSA","GTSSA017525","0"
"Matehuala","San Luis Potosí","IMSS-BIENESTAR","SPIMO000732","0"
"San Pedro de Las Colonias","Coahuila de Zaragoza","ISSSTE","CLIST000111","0"
"Hgzmf 4 Iguala","Guerrero","IMSS","GRIMS000112","0"
"Hc San Pedro Tapanatepec","Oaxaca","SSA","OCSSA003826","0"
"Hgz 8 Cordoba","Veracruz de Ignacio de La Llave","IMSS","VZIMS000296","0"
"Rodeo","Durango","IMSS-BIENESTAR","DGIMO001093","0"
"Hgs 13 Cd. Acuña","Coahuila de Zaragoza","IMSS","CLIMS000012","0"
"Hospital Regional Universitario","Colima","SSA","CMSSA000125","0"
"Hospital General Topilejo","Ciudad de México","SSA","DFSSA005011","0"
"Hgz 1a Venados","Ciudad de México","IMSS","DFIMS000522","0"
"Hospital General Regional No. 58","Guanajuato","IMSS","GTIMS000564","0"
"Venustiano Carranza","Chiapas","IMSS-BIENESTAR","CSIMO005210","0"
"Hospital Regional Cocula","Jalisco","SSA","JCSSA001401","0"
"San Felipe Ecatepec","Chiapas","IMSS-BIENESTAR","CSIMO003863","0"
"Hg La Piedad","Michoacán de Ocampo","SSA","MNSSA016533","0"
"Villa Ocaranza","Hidalgo","SSA","HGSSA003941","0"
"Hospital Naval de Acapulco","Guerrero","SEMAR","GRSMA000015","0"
"Hgsmf 2 Cd.constitucion","Baja California Sur","IMSS","BSIMS000014","0"
"Chicontepec de Tejeda","Veracruz de Ignacio de La Llave","IMSS-BIENESTAR","VZIMO001055","0"
"Valle de Ignacio Allende","Chihuahua","IMSS-BIENESTAR","CHIMO000043","0"
"Coatzacoalcos","Veracruz de Ignacio de La Llave","ISSSTE","VZIST000062","0"
"Umf 34 La Paz","Baja California Sur","IMSS","BSIMS000125","0"
"Hes 71 Torreon","Coahuila de Zaragoza","IMSS","CLIMS000490","0"
"Hgz 33 Felix U. Gomez","Nuevo León","IMSS","NLIMS000361","0"
"Hgzmf 8 Cd. Sahagun","Hidalgo","IMSS","HGIMS000111","0"
"Mapastepec","Chiapas","IMSS-BIENESTAR","CSIMO002125","0"
"Hgz 89 Guadalajara","Jalisco","IMSS","JCIMS000342","0"
"Hes 2 Cm Obregon","Sonora","IMSS","SRIMS000150","0"
"Hgr 1 Charo","Michoacán de Ocampo","IMSS","MNIMS000605","0"
"Hes Puebla","Puebla","IMSS","PLIMS000200","0"
"San Jose del Rincon","México","IMSS-BIENESTAR","MCIMO000093","0"
"Hgp 3a Magdalena Salinas","Ciudad de México","IMSS","DFIMS000184","0"
"Hgz 1 Aguascalientes","Aguascalientes","IMSS","ASIMS000021","0"
"Hgz 17 Monterrey","Nuevo León","IMSS","NLIMS000356","0"
"Hc Teotitlán de Flores Magón","Oaxaca","SSA","OCSSA021080","0"
"Dr. Ismael Vazquez Ortiz","Querétaro","ISSSTE","QTIST000046","0"
"Hospital General San José Iturbide","Guanajuato","SSA","GTSSA016912","0"
"Hospital Regional Valle de Chalco Solidaridad Issemym","México","SME","MCSME000776","0"
"Hospital Comunitario de La Huacana","Michoacán de Ocampo","SSA","MNSSA016545","0"
"Poza Rica de Hidalgo","Veracruz de Ignacio de La Llave","ISSSTE","VZIST000226","0"
"Soto La Marina","Tamaulipas","IMSS-BIENESTAR","TSIMO000796","0"
"Centro de Atencion Temporal Lindavista","Ciudad de México","IMSS","DFIMS001070","0"
"Hgs 5 Guerrero Negro","Baja California Sur","IMSS","BSIMS000072","0"
"Hospital General Pabellón de Arteaga","Aguascalientes","SSA","ASSSA000614","0"
"Hped Cmn Siglo Xxi","Ciudad de México","IMSS","DFIMS000616","0"
"Hgs 22 N.casas Grandes","Chihuahua","IMSS","CHIMS000450","0"
"Hgr 1 Culiacán","Sinaloa","IMSS","SLIMS000131","0"
"19 (extensión Hospital Pachuca)","Hidalgo","SSA","HGSSA005020","0"
"Hgz 53 Los Reyes Paz","México","IMSS","MCIMS000676","0"
"Guadalupe Tepeyac","Chiapas","IMSS-BIENESTAR","CSIMO002270","0"
"Hospital Comunitario San Diego de La Union","Guanajuato","SSA","GTSSA017501","0"
"Hg Pochutla","Oaxaca","SSA","OCSSA003715","0"
"Hes Oblatos","Jalisco","IMSS","JCIMS000301","0"
"Hgzmf 2 Saltillo","Coahuila de Zaragoza","IMSS","CLIMS000333","0"
"Hgs 6 Tecate","Baja California","IMSS","BCIMS000443","0"
"Umf 120 Zaragoza","Ciudad de México","IMSS","DFIMS000382","0"
"Hospital General 450","Durango","SSA","DGSSA017872","0"
"Hospital General Cd. Valles","San Luis Potosí","SSA","SPSSA000356","0"
"Servicios Integrales Nova de Monterrey S.a. de C.v.","Nuevo León","SMP","NLSMP000110","0"
"Hospital General Huixtla","Chiapas","SSA","CSSSA002611","0"
"Constitucion","Nuevo León","ISSSTE","NLIST000093","0"
"Hospital Integral Ixtlán del Río","Nayarit","SSA","NTSSA000474","0"
"Hc Villa Sola Vega","Oaxaca","SSA","OCSSA021116","0"
"Hospital Integral Concordia","Sinaloa","SSA","SLSSA000473","0"
"Cerritos","San Luis Potosí","IMSS-BIENESTAR","SPIMO000283","0"
"Hgzmf 8 Zihuatanejo","Guerrero","IMSS","GRIMS000124","0"
"Hgz 11 Nuevo Laredo","Tamaulipas","IMSS","TSIMS000276","0"
"Hgzmf 1 Chetumal","Quintana Roo","IMSS","QRIMS000031","0"
"Hgzmf 7 Monclova","Coahuila de Zaragoza","IMSS","CLIMS000111","0"
"Huejutla de Reyes","Hidalgo","IMSS-BIENESTAR","HGIMO000643","0"
"Hgs 33 Tizayuca","Hidalgo","IMSS","HGIMS000135","0"
"Hospital Integral Puente de Camotlán","Nayarit","SSA","NTSSA015425","0"
"Hgzmf 16 C. Cuauhtémoc","Chihuahua","IMSS","CHIMS000095","0"
"Hospital General Jalpan","Querétaro","SSA","QTSSA001052","0"
"Dr. Roberto Nettel F.","Chiapas","ISSSTE","CSIST000210","0"
"Hospital General Regional Dr. Guillermo Soberón Acevedo","Guerrero","SSA","GRSSA010061","0"
"Hg  Juárez","Chihuahua","SSA","CHSSA001801","0"
"Hospital Integral de Xicotepec","Puebla","SSA","PLSSA009283","0"
"Hgzmf 2 Apizaco","Tlaxcala","IMSS","TLIMS000030","0"
"Hgzmf 8 Ensenada","Baja California","IMSS","BCIMS000011","0"
"Huetamo de Núñez","Michoacán de Ocampo","IMSS-BIENESTAR","MNIMO001125","0"
"Hc Santa Catarina Juquila","Oaxaca","SSA","OCSSA004152","0"
"Hgzmf 16 Torreon","Coahuila de Zaragoza","IMSS","CLIMS000432","0"
"Hg Adolfo Prieto","Guerrero","SSA","GRSSA012535","0"
"Hgz 30 Iztacalco","Ciudad de México","IMSS","DFIMS000324","0"
"Altamirano","Chiapas","IMSS-BIENESTAR","CSIMO000170","0"
"Hgz 57 La Quebrada","México","IMSS","MCIMS000874","0"
"San Quintín","Baja California","IMSS-BIENESTAR","BCIMO000070","0"
"Hgz 46 Gomez Palacio","Durango","IMSS","DGIMS000083","0"
"Monterrey","Nuevo León","ISSSTE","NLIST000105","0"
"Hgs 33 Tierra Blanca","Veracruz de Ignacio de La Llave","IMSS","VZIMS001013","0"
"Hgz 24 Insurgentes","Ciudad de México","IMSS","DFIMS000225","0"
"Veracruz","Veracruz de Ignacio de La Llave","ISSSTE","VZIST000301","0"
"San Ildefonso Villa Alta","Oaxaca","IMSS-BIENESTAR","OCIMO001315","0"
"Hgzmf 76 Xalostoc","México","IMSS","MCIMS000232","0"
"Maxcanú","Yucatán","IMSS-BIENESTAR","YNIMO000376","0"
"Hto 21 Monterrey","Nuevo León","IMSS","NLIMS000344","0"
"Hgzmf 2 San Luis Potosi","San Luis Potosí","IMSS","SPIMS000183","0"
"Hgzmf 50 Lerdo Tejada","Veracruz de Ignacio de La Llave","IMSS","VZIMS000634","0"
"Hidalgo del Parral","Chihuahua","ISSSTE","CHIST000095","0"
"Hgz 32 Villa Coapa","Ciudad de México","IMSS","DFIMS000126","0"
"Hc Loma Bonita","Oaxaca","SSA","OCSSA019844","0"
"Hes 1 Leon","Guanajuato","IMSS","GTIMS000226","0"
"Ramos Arizpe","Coahuila de Zaragoza","IMSS-BIENESTAR","CLIMO000445","0"
"Hospital Regional Valle de Bravo Nicolás Bravo Bicentenario Issemym","México","SME","MCSME001114","0"
"Hospital Integral Xpujil","Campeche","SSA","CCSSA001116","0"
"Patzcuaro","Michoacán de Ocampo","ISSSTE","MNIST000144","0"
"Santa Rosalia","Baja California Sur","ISSSTE","BSIST000043","0"
"H.g. Dr. Gustavo Baz Prada","México","SSA","MCSSA004231","0"
"Hg Zitacuaro","Michoacán de Ocampo","SSA","MNSSA004044","0"
"Hc Tamazulapan","Oaxaca","SSA","OCSSA000384","0"
"Benemérito de Las Américas","Chiapas","IMSS-BIENESTAR","CSIMO002924","0"
"Hg Huajuapan Enf. María del Pilar Sánchez Villavicencio","Oaxaca","SSA","OCSSA000524","0"
"Hgr 110 Oblatos","Jalisco","IMSS","JCIMS000354","0"
"Hc Tlacotepec","Oaxaca","SSA","OCSSA018736","0"
"Fresnillo","Zacatecas","ISSSTE","ZSIST000032","0"
"Charcas","San Luis Potosí","IMSS-BIENESTAR","SPIMO000546","0"
"Chiautla de Tapia","Puebla","IMSS-BIENESTAR","PLIMO000633","0"
"Hospital Comunitario de Champotón Dr.josé E. Nazar Raiden","Campeche","SSA","CCSSA000544","0"
"Hgz 42 Pto. Vallarta","Jalisco","IMSS","JCIMS000692","0"
"Mamantel","Campeche","IMSS-BIENESTAR","CCIMO000512","0"
"Matías Romero Avendaño","Oaxaca","IMSS-BIENESTAR","OCIMO000475","0"
"Hospital Integral Jacala","Hidalgo","SSA","HGSSA001795","0"
"Hospital Comunitario Aquismon","San Luis Potosí","SSA","SPSSA000064","0"
"Cd. Victoria","Tamaulipas","ISSSTE","TSIST000153","0"
"Hospital General Nogales","Sonora","SSA","SRSSA001851","0"
"Unidad Movil Temporal Covid","México","IMSS","MCIMS001212","0"
"Hgsmf 41 Huatulco","Oaxaca","IMSS","OCIMS000281","0"
"Hgzmf 6 S.nicolas Garza","Nuevo León","IMSS","NLIMS000525","0"
"Hospital Comunitario Ciudad del Maíz","San Luis Potosí","SSA","SPSSA000262","0"
"Hg Salina Cruz","Oaxaca","SSA","OCSSA019873","0"
"Hgzmf 4 Cd. Carmen","Campeche","IMSS","CCIMS000045","0"
"Heroica Ciudad de Huajuapan de León","Oaxaca","IMSS-BIENESTAR","OCIMO000335","0"
"Hgz 51 Chapala","Durango","IMSS","DGIMS000095","0"
"Hgzmf 9 Cd. Guzman","Jalisco","IMSS","JCIMS000190","0"
"Hi Nueva Italia","Michoacán de Ocampo","SSA","MNSSA002142","0"
"Hospital General de Tacambaro Maria Zendejas","Michoacán de Ocampo","SSA","MNSSA002965","0"
"Hgz 1 Oaxaca","Oaxaca","IMSS","OCIMS000136","0"
"Ocozocoautla de Espinosa","Chiapas","IMSS-BIENESTAR","CSIMO003081","0"
"Hgzmf 1 Durango","Durango","IMSS","DGIMS000042","0"
"Hg Juchitan Dr. Macedonio Benitez Fuentes","Oaxaca","SSA","OCSSA007693","0"
"Cessa San Francisco Totimehuacán","Puebla","SSA","PLSSA009223","0"
"Hgr 6 Cd. Madero","Tamaulipas","IMSS","TSIMS000071","0"
"Hgr 45 Guadalajara","Jalisco","IMSS","JCIMS000366","0"
"Hgr 1 Queretaro","Querétaro","IMSS","QTIMS000092","0"
"Hgr 12 Benito Juárez","Yucatán","IMSS","YNIMS000095","0"
"Hg San Pablo Huixtepec Dr. Manuel Velasco Suárez","Oaxaca","SSA","OCSSA003406","0"
"Hospital General de Zona No.252","México","IMSS","MCIMS001200","0"
"Hospital General Regional No. 200","México","IMSS","MCIMS001171","0"
"Hospital Infantil del Estado de Sonora","Sonora","SSA","SRSSA001105","0"
"Tamazunchale","San Luis Potosí","ISSSTE","SPIST000142","0"
"Santiago Juxtlahuaca","Oaxaca","IMSS-BIENESTAR","OCIMO004050","0"
"Hgr 1 Ignacio García Tellez","Yucatán","IMSS","YNIMS000083","0"
"Tuxtla (u.n.e.m.e. Cirugía Ambulatoria Y Torre de Diagnóstico)","Chiapas","SSA","CSSSA019534","0"
"Hgr 17 Cancun","Quintana Roo","IMSS","QRIMS000142","0"
"5 de Diciembre","Baja California","ISSSTE","BCIST000040","0"
"Hgz 8 Uruapan","Michoacán de Ocampo","IMSS","MNIMS000424","0"
"Dr. Manuel F. Rodriguez","Tamaulipas","ISSSTE","TSIST000071","0"
"Hgsmf 4 Tecoman","Colima","IMSS","CMIMS000104","0"
"Hospital Regional de Alta Especialidad Dr. Juan Graham Casasus","Tabasco","SSA","TCSSA001064","0"
"Hgz 98 Coacalco","México","IMSS","MCIMS000080","0"
"Hospital Comunitario Apaseo El Alto","Guanajuato","SSA","GTSSA017402","0"
"Hgsmf 4 Navolato","Sinaloa","IMSS","SLIMS000435","0"
"Hecelchakán","Campeche","IMSS-BIENESTAR","CCIMO000232","0"
"Hgz 197 Texcoco","México","IMSS","MCIMS000961","0"
"Hospital General Xoco","Ciudad de México","SSA","DFSSA003162","0"
"Hg Tuxtepec","Oaxaca","SSA","OCSSA002146","0"
"Hgzmf 1 Cd. Víctoria","Tamaulipas","IMSS","TSIMS000380","0"
"Hg Apatzingan","Michoacán de Ocampo","SSA","MNSSA017400","0"
"Umf 5 Monterrey","Nuevo León","IMSS","NLIMS000472","0"
"Buenavista","Michoacán de Ocampo","IMSS-BIENESTAR","MNIMO003954","0"
"Hospital General Tecamachalco","Puebla","SSA","PLSSA016893","0"
"Hospital Materno Celaya","Guanajuato","SSA","GTSSA017530","0"
"Hg de Cuernavaca Dr. Jose G. Parres","Morelos","SSA","MSSSA000466","0"
"Zoquiapan Dr. Pedro López","México","SSA","MCSSA002761","0"
"Hgzmf 8 San Angel","Ciudad de México","IMSS","DFIMS000464","0"
"Villa Unión","Sinaloa","IMSS-BIENESTAR","SLIMO000733","0"
"Hg Dr. Miguel Silva","Michoacán de Ocampo","SSA","MNSSA001891","0"
"Motozintla de Mendoza","Chiapas","IMSS-BIENESTAR","CSIMO002620","0"
"Dr. Baudelio Villanueva","Tamaulipas","ISSSTE","TSIST000100","0"
"Tehuacan","Puebla","ISSSTE","PLIST000154","0"
"Hi Arteaga","Michoacán de Ocampo","SSA","MNSSA000310","0"
"Hgzmf 7 Cuautla","Morelos","IMSS","MSIMS000030","0"
"Hgr 1 V. Guerrero","Guerrero","IMSS","GRIMS000013","0"
"Ocosingo","Chiapas","IMSS-BIENESTAR","CSIMO002784","0"
"Tlaltenango de Sánchez Román","Zacatecas","IMSS-BIENESTAR","ZSIMO001182","0"
"Hgzmf 10 S. Ixcuintla","Nayarit","IMSS","NTIMS000144","0"
"Hospital General de Subzona No. 12","Sonora","IMSS","SRIMS000915","0"
"Hospital General de Axochiapan","Morelos","SSA","MSSSA003020","0"
"Hospital Comunitario Tamazula","Jalisco","SSA","JCSSA008080","0"
"Hospital Dr. Julian A. Manzur Ocaña","Tabasco","SME","TCSME000011","0"
"Agosto 12","Tamaulipas","ISSSTE","TSIST000095","0"
"Hgz 2 Tulancingo","Hidalgo","IMSS","HGIMS000181","0"
"Hc Santos Reyes Nopala","Oaxaca","SSA","OCSSA020445","0"
"Hinfec Cm La Raza","Ciudad de México","IMSS","DFIMS000056","0"
"Hospital de La Mujer","Sinaloa","SSA","SLSSA017606","0"
"Hes Cm La Raza","Ciudad de México","IMSS","DFIMS000020","0"
"Hgz 1 Tlaxcala","Tlaxcala","IMSS","TLIMS000136","0"
"Zongolica","Veracruz de Ignacio de La Llave","IMSS-BIENESTAR","VZIMO005004","0"
"Hc Ixtlan de Juárez","Oaxaca","SSA","OCSSA000594","0"
"Hgzmf 1 Tapachula","Chiapas","IMSS","CSIMS000205","0"
"Hgsmf 30 Guamuchil","Sinaloa","IMSS","SLIMS000411","0"
"Ario de Rosales","Michoacán de Ocampo","IMSS-BIENESTAR","MNIMO000244","0"
"Hospital General de Playa del Carmen","Quintana Roo","SSA","QRSSA018001","0"
"Hgsmf 33 S. Andres","Veracruz de Ignacio de La Llave","IMSS","VZIMS000890","0"
"Hospital General de Cholula","Puebla","SSA","PLSSA008425","0"
"Hospital Civil de Guadalajara Juan I. Menchaca","Jalisco","SSA","JCSSA002224","0"
"Hospital General de Izucar de Matamoros","Puebla","SSA","PLSSA016806","0"
"Hospital Comunitario Abasolo","Guanajuato","SSA","GTSSA017344","0"
"Yuc","Yucatán","IMSS-BIENESTAR","YNIMO000311","0"
"Hgz 4 Guaymas","Sonora","IMSS","SRIMS000314","0"
"Hgz 83 Morelia","Michoacán de Ocampo","IMSS","MNIMS000593","0"
"Hospital General Salamanca","Guanajuato","SSA","GTSSA003233","0"
"Hgzmf 35 Cosamaloapan","Veracruz de Ignacio de La Llave","IMSS","VZIMS000342","0"
"19 Pichucalco","Chiapas","SSA","CSSSA009466","0"
"Hgzmf 2 Irapuato","Guanajuato","IMSS","GTIMS000185","0"
"Hgr Orizaba","Veracruz de Ignacio de La Llave","IMSS","VZIMS000733","0"
"Hospital Comunitario Purisima del Rincon","Guanajuato","SSA","GTSSA005432","0"
"Hospital General de Zona 92","Coahuila de Zaragoza","IMSS","CLIMS000601","0"
"Hgz 7 Lagos de Moreno","Jalisco","IMSS","JCIMS001264","0"
"Hes 25 Monterrey","Nuevo León","IMSS","NLIMS000303","0"
"Mazatlan","Sinaloa","ISSSTE","SLIST000196","0"
"Dr. Aquiles Calles Ramirez","Nayarit","ISSSTE","NTIST000120","0"
"Comitan de Dominguez","Chiapas","ISSSTE","CSIST000065","0"
"Hgz 67 Apodaca","Nuevo León","IMSS","NLIMS000636","0"
"Hospital General Monclova Amparo Pape de Benavides","Coahuila de Zaragoza","SSA","CLSSA002710","0"
"Hospital General Lázaro Cárdenas","Michoacán de Ocampo","SSA","MNSSA001722","0"
"Hospital Integral Cosala","Sinaloa","SSA","SLSSA000572","0"
"Hgr 1 Tijuana","Baja California","IMSS","BCIMS000373","0"
"Hgz 24 Poza Rica","Veracruz de Ignacio de La Llave","IMSS","VZIMS000832","0"
"Hc Santa Maria Huatulco","Oaxaca","SSA","OCSSA021133","0"
"Hgz 11 Piedras Negras","Coahuila de Zaragoza","IMSS","CLIMS000251","0"
"San Buenaventura","Coahuila de Zaragoza","IMSS-BIENESTAR","CLIMO000561","0"
"Coscomatepec de Bravo","Veracruz de Ignacio de La Llave","IMSS-BIENESTAR","VZIMO000862","0"
"Hgsmf 2 Cozumel","Quintana Roo","IMSS","QRIMS000014","0"
"Hgzmf 6 Ocotlan","Jalisco","IMSS","JCIMS000651","0"
"Hospital Integral Mocorito","Sinaloa","SSA","SLSSA001716","0"
"Hgzmf 36 Coatzacoalcos","Veracruz de Ignacio de La Llave","IMSS","VZIMS000231","0"
"Hcard Cmn Siglo Xxi","Ciudad de México","IMSS","DFIMS000575","0"
"Concepción del Oro","Zacatecas","IMSS-BIENESTAR","ZSIMO000050","0"
"Anexo Unidad de Medicina Familiar 86","Coahuila de Zaragoza","IMSS","CLIMS000613","0"
"Hgz 27 Tlatelolco","Ciudad de México","IMSS","DFIMS000621","0"
"Hospital Para El Niño Imiem","México","SME","MCSME000011","0"
"Hgz 3 Navojoa","Sonora","IMSS","SRIMS000541","0"
"Zacapoaxtla","Puebla","IMSS-BIENESTAR","PLIMO002890","0"
"Hospital Comunitario Colotlan","Jalisco","SSA","JCSSA001454","0"
"Centro de Atencion Temporal Covid 19","Michoacán de Ocampo","IMSS","MNIMS000646","0"
"Hc Nejapa de Madero","Oaxaca","SSA","OCSSA019996","0"
"Hc Maruata","Michoacán de Ocampo","SSA","MNSSA016550","0"
"Hgz 2 Aguascalientes","Aguascalientes","IMSS","ASIMS000016","0"
"Hgz 6 Cd. Valles","San Luis Potosí","IMSS","SPIMS000072","0"
"Hospital General Iztapalapa","Ciudad de México","SSA","DFSSA001540","0"
"Hospital General de Zona No. 5","Sonora","IMSS","SRIMS000920","0"
"Ixtepec","Puebla","IMSS-BIENESTAR","PLIMO003450","0"
"Hc Temascal","Oaxaca","SSA","OCSSA020100","0"
"Hgz No. 20","Puebla","IMSS","PLIMS000586","0"
"Hgz 46 Dr. B Reynés B","Tabasco","IMSS","TCIMS000121","0"
"Hospital General de Zacatlán","Puebla","SSA","PLSSA015551","0"
"Sahuayo","Michoacán de Ocampo","ISSSTE","MNIST000185","0"
"Hospital Para El Niño Poblano","Puebla","SSA","PLSSA008881","0"
"Ixmiquilpan","Hidalgo","ISSSTE","HGIST000065","0"
"Centro de Salud Urbano Huauchinango","Puebla","SSA","PLSSA015032","0"
"Hospital Integral Atlapexco","Hidalgo","SSA","HGSSA000511","0"
"Hospital Comunitario Villagran","Guanajuato","SSA","GTSSA016994","0"
"Hospital Comunitario Moroleón","Guanajuato","SSA","GTSSA017443","0"
"Hospital de La Mujer","Chihuahua","SSA","CHSSA001796","0"
"Hospital Integral Navolato","Sinaloa","SSA","SLSSA002491","0"
"Hospital Materno Infantil Irapuato","Guanajuato","SSA","GTSSA017542","0"
"Zamora","Michoacán de Ocampo","ISSSTE","MNIST000226","0"
"Rioverde","San Luis Potosí","ISSSTE","SPIST000096","0"
"Hospital General de La Huasteca","Hidalgo","SSA","HGSSA015520","0"
"Hospital General de Valladolid","Yucatán","SSA","YNSSA013440","0"
"Hospital Comunitario Jerecuaro","Guanajuato","SSA","GTSSA001915","0"
"Hospital Regional de Autlan","Jalisco","SSA","JCSSA000631","0"
"Hospital General de Tulancingo","Hidalgo","SSA","HGSSA018000","0"
"Hospital Civil de Culiacán","Sinaloa","SME","SLSME000016","0"
"Hospital Comunitario Apaseo El Grande","Guanajuato","SSA","GTSSA000585","0"
"Hospital General Felipe Carrillo Puerto","Quintana Roo","SSA","QRSSA000023","0"
"Hospital General Calvillo","Aguascalientes","SSA","ASSSA000404","0"
"Hospital Obstetrico Pachuca","Hidalgo","SSA","HGSSA002425","0"
"Hospital General Dr Eduardo Vazquez N","Puebla","SSA","PLSSA002490","0"
"Hi Cheran","Michoacán de Ocampo","SSA","MNSSA000836","0"
"Hospital Básico Comunitario Huehuetla","Hidalgo","SSA","HGSSA015561","0"
"Hospital Básico Comunitario de Compostela","Nayarit","SSA","NTSSA016060","0"
"Matehuala","San Luis Potosí","ISSSTE","SPIST000084","0"
"Hospital General Balbuena","Ciudad de México","SSA","DFSSA003722","0"
"Hospital General Tecomán Dr. José F. Rivas Guzmán","Colima","SSA","CMSSA001023","0"
"Hospital Comunitario Sayula","Jalisco","SSA","JCSSA004930","0"
"Cessa Xonacatepec","Puebla","SSA","PLSSA006043","0"
"Hospital General de Montemorelos","Nuevo León","SSA","NLSSA004944","0"
"Chetumal","Quintana Roo","ISSSTE","QRIST000043","0"
"Hospital General Santiago Ixcuintla","Nayarit","SSA","NTSSA002166","0"
"Hospital de Los Maestros S.n.t.e. Seccion 50","Nuevo León","SME","NLSME000012","0"
"Hospital General Ixtapan de La Sal","México","SSA","MCSSA010251","0"
"Gral. Ignacio Zaragoza","Ciudad de México","ISSSTE","DFIST000160","0"
"Xalapa","Veracruz de Ignacio de La Llave","ISSSTE","VZIST000120","0"
"Hospital Naval de Veracruz","Veracruz de Ignacio de La Llave","SEMAR","VZSMA000040","0"
"Cd. Sabinas","Coahuila de Zaragoza","ISSSTE","CLIST000181","0"
"Hospital Comunitario Jaral del Progreso","Guanajuato","SSA","GTSSA017426","0"
"Hospital General de Parral","Chihuahua","SSA","CHSSA018444","0"
"19 Isstech Tuxtla","Chiapas","SME","CSSME000066","0"
"Gral. Jose Maria Morelos Y Pavon","Ciudad de México","ISSSTE","DFIST000155","0"
"Hg Hospital General de Cd. Mante Dr. Emilio Martínez Manautou","Tamaulipas","SSA","TSSSA018000","0"
"Cessa San Sebastián de Aparicio","Puebla","SSA","PLSSA006294","0"
"Dr. Bernardo Sepulveda Gutiérrez","Guerrero","SSA","GRSSA004753","0"
"Iguala de La Independencia","Guerrero","ISSSTE","GRIST000153","0"
"H.g. Texcoco Guadalupe Victoria Bicentenario","México","SSA","MCSSA018412","0"
"Hospital General de Apan","Hidalgo","SSA","HGSSA015515","0"
"19 (extensión Hospital Huejutla)","Hidalgo","SSA","HGSSA005032","0"
"Hospital Comunitario El Grullo","Jalisco","SSA","JCSSA002113","0"
"Hospital General Miguel Hidalgo Y Costilla Bicentenario","México","SSA","MCSSA005730","0"
"Monclova","Coahuila de Zaragoza","ISSSTE","CLIST000065","0"
"Hospital Comunitario Tamazunchale","San Luis Potosí","SSA","SPSSA001703","0"
"Hospital General Rincón de Romos","Aguascalientes","SSA","ASSSA000655","0"
"Instituto Nacional de Cardiología Ignacio Chávez","Ciudad de México","SSA/CC","DFSSA004031","0"
"Hospital General Candelaria","Campeche","SSA","CCSSA001220","0"
"Hospital General Cadereyta","Querétaro","SSA","QTSSA000475","0"
"Hc Tuzantla","Michoacán de Ocampo","SSA","MNSSA016504","0"
"H.g. Tenancingo","México","SSA","MCSSA006430","0"
"Hospital General Los Mochis","Sinaloa","SSA","SLSSA000024","0"
"Hospital Basico Comunitario de Xilitla","San Luis Potosí","SSA","SPSSA017144","0"
"Dr. Santiago Ramon Y Cajal","Durango","ISSSTE","DGIST000042","0"
"Clínica A. I. R. Médica 2000 S.a. de C.v","Tabasco","SMP","TCSMP002315","0"
"Hospital de Alta Especialidad de Veracruz","Veracruz de Ignacio de La Llave","SSA","VZSSA006972","0"
"Toluca","México","ISSSTE","MCIST000215","0"
"Hospital General Dr. Juan C. Corzo Tonalá","Chiapas","SSA","CSSSA007074","0"
"Hospital de Ginecología Y Obstetricia S.a. de C.v.","Nuevo León","SMP","NLSMP000093","0"
"Hospital Comunitario San Felipe","Guanajuato","SSA","GTSSA003600","0"
"Hospital General Dr. Enrique Cabrera","Ciudad de México","SSA","DFSSA017886","0"
"Hospital Comunitario Teocaltiche","Jalisco","SSA","JCSSA005461","0"
"Hospital General de Manzanillo","Colima","SSA","CMSSA001356","0"
"Hospital Comunitario Villa de Arista","San Luis Potosí","SSA","SPSSA002654","0"
"Hospital Integral Kantunilkin","Quintana Roo","SSA","QRSSA001423","0"
"Hospital Regional de Alta Especialidad del Niño Dr. Rodolfo Nieto Padrón","Tabasco","SSA","TCSSA001040","0"
"Tuxtepec","Oaxaca","ISSSTE","OCIST000165","0"
"Hospital Integral de Sinaloa de Leyva","Sinaloa","SSA","SLSSA002136","0"
"Presidente Gral. Lazaro Cardenas","Chihuahua","ISSSTE","CHIST000030","0"
"Hospital Comunitario Romita","Guanajuato","SSA","GTSSA003151","0"
"Hospital General Palenque","Chiapas","SSA","CSSSA004595","0"
"Irapuato","Guanajuato","ISSSTE","GTIST000086","0"
"Manzanillo","Colima","ISSSTE","CMIST000022","0"
"Hg de Jojutla Dr. Ernesto Meana San Román","Morelos","SSA","MSSSA000961","0"
"San Cristobal de Las Casas","Chiapas","ISSSTE","CSIST000193","0"
"Hospital Regional Río Blanco","Veracruz de Ignacio de La Llave","SSA","VZSSA004860","0"
"Hospital Civil Dr. Antonio González Guevara","Nayarit","SSA","NTSSA001594","0"
"Apatzingan de La Constitucion","Michoacán de Ocampo","ISSSTE","MNIST000016","0"
"Tehuantepec","Oaxaca","ISSSTE","OCIST000252","0"
"Los Mochis","Sinaloa","ISSSTE","SLIST000015","0"
"Hospital General Zacatecas Luz González Cosio","Zacatecas","SSA","ZSSSA013143","0"
"Aguascalientes","Aguascalientes","ISSSTE","ASIST000016","0"
"Cd. Cuauhtemoc","Chihuahua","ISSSTE","CHIST000025","0"
"Hg Sahuayo","Michoacán de Ocampo","SSA","MNSSA002813","0"
"Hospital General Tula","Hidalgo","SSA","HGSSA015532","0"
"Cd. Obregon","Sonora","ISSSTE","SRIST000046","0"
"Hospital Integral Badiraguato","Sinaloa","SSA","SLSSA000246","0"
"Centro Médico Lic. Adolfo López Mateos","México","SSA","MCSSA010222","0"
"Hospital Regional de Ciudad Guzman","Jalisco","SSA","JCSSA001326","0"
"Hgz 14 Guadalajara","Jalisco","IMSS","JCIMS000330","0"
"Hospital Integral Angostura","Sinaloa","SSA","SLSSA000193","0"
"Ocosingo","Chiapas","ISSSTE","CSIST000140","0"
"Acapulco","Guerrero","ISSSTE","GRIST000025","0"
"Hospital Comunitario Huejuquilla","Jalisco","SSA","JCSSA008401","0"
"19 (extensión Hospital Huehuetla)","Hidalgo","SSA","HGSSA005044","0"
"Hospital General Huichapan","Hidalgo","SSA","HGSSA001503","0"
"Hospital General San Miguel Allende¨ Felipe G. Dobarganes¨","Guanajuato","SSA","GTSSA000310","0"
"Hospital General de Ríoverde","San Luis Potosí","SSA","SPSSA000945","0"
"Hospital General Dolores Hidalgo ¨ Cuna de La Independencia Nacional¨","Guanajuato","SSA","GTSSA001290","0"
"Hospital General Uriangato","Guanajuato","SSA","GTSSA004650","0"
"Hospital Chiapas Nos Une Dr. Jesus Gilberto Gomez Maza","Chiapas","SSA","CSSSA019954","0"
"Lic. Adolfo Lopez Mateos","Ciudad de México","ISSSTE","DFIST000201","0"
"Hospital General de Reforma","Chiapas","SSA","CSSSA009186","0"
"Hospital Regional  Poza Rica de Hidalgo","Veracruz de Ignacio de La Llave","SSA","VZSSA004744","0"
"Hospital Militar de Zona de Ixcotel Oax.","Oaxaca","SEDENA","OCSDN000031","0"
"Hi Coahuayana","Michoacán de Ocampo","SSA","MNSSA000462","0"
"Hospital General La Perla Nezahualcoyotl","México","SSA","MCSSA010292","0"
"Hospital General Dr. Desiderio G. Rosado Carbajal","Tabasco","SSA","TCSSA017420","0"
"H.g. Jilotepec","México","SSA","MCSSA010053","0"
"Hospital Rural Oportunidades 33 Tuxpan","Michoacán de Ocampo","IMSS-BIENESTAR","MNIMO002764","0"
"Tacuba","Ciudad de México","ISSSTE","DFIST000534","0"
"Hospital General de Acapulco","Guerrero","SSA","GRSSA009945","0"
"Hospital General de Cozumel","Quintana Roo","SSA","QRSSA000011","0"
"Cessa Tlaxcalancingo","Puebla","SSA","PLSSA006060","0"
"Hospital de Especialidad Materno Infantil de León","Guanajuato","SSA","GTSSA002096","0"
"Cd. del Carmen","Campeche","ISSSTE","CCIST000033","0"
"Fray Junipero Serra","Baja California","ISSSTE","BCIST000093","0"
"Hospital General de Teziutlán","Puebla","SSA","PLSSA008485","0"
"Hospital Pediátrico Villa","Ciudad de México","SSA","DFSSA000840","0"
"Hgs 54 Silao","Guanajuato","IMSS","GTIMS000506","0"
"Hospital de Traumatología Y Ortopedia Doctor Y General Rafael Moreno Valle","Puebla","SSA","PLSSA009394","0"
"Hg Los Reyes","Michoacán de Ocampo","SSA","MNSSA016521","0"
"Dr. Miguel Trejo Ochoa","Colima","ISSSTE","CMIST000010","0"
"Hospital General Tercer Milenio","Aguascalientes","SSA","ASSSA000030","0"
"Hies de Chihuahua","Chihuahua","SSA","CHSSA018514","0"
"Orizaba","Veracruz de Ignacio de La Llave","ISSSTE","VZIST000173","0"
"H.g. Valentín Gómez Farías (san Francisco Zentlalpan)","México","SSA","MCSSA018750","0"
"Hospital General de Lagos de Moreno","Jalisco","SSA","JCSSA008430","0"
"Hospital Comunitario Santa Cruz de Juventino Rosas","Guanajuato","SSA","GTSSA016842","0"
"Hg Zamora","Michoacán de Ocampo","SSA","MNSSA003945","0"
"Axtla de Terrazas","San Luis Potosí","IMSS-BIENESTAR","SPIMO002475","0"
"Hospital Gral. A Santiago Papasquiaro","Durango","SSA","DGSSA001895","0"
"Hgz 71 Verac","Veracruz de Ignacio de La Llave","IMSS","VZIMS001124","0"
"Hospital General Salvatierra","Guanajuato","SSA","GTSSA006495","0"
"San Luis Rio Colorado","Sonora","ISSSTE","SRIST000203","0"
"Hgzmf 2 Zacapu","Michoacán de Ocampo","IMSS","MNIMS000494","0"
"Hgzmf 28 Costa Rica","Sinaloa","IMSS","SLIMS000184","0"
"Hgzmf 20 Autlan Navarro","Jalisco","IMSS","JCIMS000103","0"
"Hgz 14 C/unidad Quemados","Sonora","IMSS","SRIMS000900","0"
"Hospital General Pénjamo","Guanajuato","SSA","GTSSA002760","0"
"Hg Hospital General Altamira Dr Rodolfo Torre Cantú","Tamaulipas","SSA","TSSSA018514","0"
"Dr. Patricio Trueba Regil","Campeche","ISSSTE","CCIST000021","0"
"Hospital Regional de Alta Especialidad En Cd Victoria Bicentenario 2010","Tamaulipas","SSA/CC","TSSSA018292","0"
"Hospital  Comunitario de  Hopelchen","Campeche","SSA","CCSSA001594","0"
"Hgzmf 28 Martinez Torre","Veracruz de Ignacio de La Llave","IMSS","VZIMS000651","0"
"Hospital Comunitario de Tamuin","San Luis Potosí","SSA","SPSSA017132","0"
"Hgz 4 Zamora","Michoacán de Ocampo","IMSS","MNIMS000506","0"
"Zacatipan","San Luis Potosí","IMSS-BIENESTAR","SPIMO001461","0"
"Tula","Tamaulipas","IMSS-BIENESTAR","TSIMO000871","0"
"Hospital Comunitario Cortazar","Guanajuato","SSA","GTSSA001121","0"
"Hospital de La Mujer San Cristóbal de Las Casas","Chiapas","SSA","CSSSA005773","0"
"Dr. Jose Ma. Rodriguez","Coahuila de Zaragoza","ISSSTE","CLIST000106","0"
"Tlacolula de Matamoros","Oaxaca","IMSS-BIENESTAR","OCIMO004750","0"
"Hgz 8 Caborca","Sonora","IMSS","SRIMS000116","0"
"Hg Ciudad Hidalgo","Michoacán de Ocampo","SSA","MNSSA016492","0"
"San Juanito","Chihuahua","IMSS-BIENESTAR","CHIMO000224","0"
"Morelia","Michoacán de Ocampo","ISSSTE","MNIST000120","0"
"Hospital General Yajalón Dr. Jose Manuel Velasco Siles","Chiapas","SSA","CSSSA009232","0"
"Miahuatlán de Porfirio Díaz","Oaxaca","IMSS-BIENESTAR","OCIMO000550","0"
"Hospital General Zacapu","Michoacán de Ocampo","SSA","MNSSA005275","0"
"Amanalco","México","IMSS-BIENESTAR","MCIMO000105","0"
"Hgzmf 11 Cd. Delicias","Chihuahua","IMSS","CHIMS000206","0"
"Hospital General Regional No. 2 El Marques","Querétaro","IMSS","QTIMS000285","0"
"Plan de Arroyos","Veracruz de Ignacio de La Llave","IMSS-BIENESTAR","VZIMO006153","0"
"Hgz 1 Saltillo","Coahuila de Zaragoza","IMSS","CLIMS000321","0"
"Hgz 36 José Cardel","Veracruz de Ignacio de La Llave","IMSS","VZIMS000144","0"
"Hgr 46 Guadalaja","Jalisco","IMSS","JCIMS000371","0"
"Hgz 35 Cd.juárez","Chihuahua","IMSS","CHIMS000305","0"
"Ixmiquilpan","Hidalgo","IMSS-BIENESTAR","HGIMO000771","0"
"Cd. Mante","Tamaulipas","ISSSTE","TSIST000054","0"
"Hospital General de Zona No. 10","Colima","IMSS","CMIMS000133","0"
"Hgz 2 Hermosillo","Sonora","IMSS","SRIMS000413","0"
"Hospital Comunitario Tarimoro","Guanajuato","SSA","GTSSA016970","0"
"H.g. Dr. Nicolás San Juan","México","SSA","MCSSA007661","0"
"Hospital Infantil de Especialidades de Ciudad Juárez","Chihuahua","SSA","CHSSA018012","0"
"Hospital General Tuxpan Dr. Emilio Alcazar","Veracruz de Ignacio de La Llave","SSA","VZSSA006815","0"
"Hospital Temporal Politecnico","Baja California","SSA","BCSSA001741","0"
"Hospital Integral José María Morelos","Quintana Roo","SSA","QRSSA001312","0"
"Hospital General Guanajuato ´´dr. Valentín Gracia´´","Guanajuato","SSA","GTSSA001454","0"
"Coalcomán de Vázquez Pallares","Michoacán de Ocampo","IMSS-BIENESTAR","MNIMO000425","0"
"Cat Morelos","Ciudad de México","IMSS","DFIMS001082","0"
"Hospital Dr. Manuel Campos","Campeche","SSA","CCSSA000100","0"
"Hes 1 Merida","Yucatán","IMSS","YNIMS000071","0"
"Huautla de Jiménez","Oaxaca","IMSS-BIENESTAR","OCIMO000352","0"
"Hospital Militar Regional de Guadalajara Jal.","Jalisco","SEDENA","JCSDN000010","0"
"Hospital Comunitario Encarnación de Diaz","Jalisco","SSA","JCSSA001990","0"
"Hospital Pediátrico de Sinaloa","Sinaloa","SSA","SLSSA002556","0"
"Hospital General de Ensenada","Baja California","SSA","BCSSA000015","0"
"Hospital Integral Valle de San Lorenzo","Sinaloa","SSA","SLSSA017582","0"
"Hospital Central Militar","Ciudad de México","SEDENA","DFSDN000086","0"
"Cd. Guzman","Jalisco","ISSSTE","JCIST000045","0"
"Hospital Regional de Alta Especialidad de Zumpango","México","SSA","MCSSA018774","0"
"Navojoa","Sonora","ISSSTE","SRIST000162","0"
"Unidad  Materno Infantil","Puebla","SME","PLSME000353","0"
"San Jose del Cabo","Baja California Sur","ISSSTE","BSIST000101","0"
"Hospital Regional Atlacomulco Issemym","México","SME","MCSME000781","0"
"Bochil","Chiapas","IMSS-BIENESTAR","CSIMO000433","0"
"Hg Cm La Raza","Ciudad de México","IMSS","DFIMS000061","0"
"Hgsmf 26 Cabo San Lucas","Baja California Sur","IMSS","BSIMS000154","0"
"Hospital General de Zona No. 1","Colima","IMSS","CMIMS000186","0"
"Dr. Belisario Dominguez","Chiapas","ISSSTE","CSIST000251","0"
"Hgz 4 Villa Guadalupe","Nuevo León","IMSS","NLIMS000204","0"
"Nogales","Sonora","ISSSTE","SRIST000174","0"
"Papantla de Olarte","Veracruz de Ignacio de La Llave","IMSS-BIENESTAR","VZIMO002875","0"
"Hgs 7 La Piedad","Michoacán de Ocampo","IMSS","MNIMS000260","0"
"Cd. Constitucion","Baja California Sur","ISSSTE","BSIST000014","0"
"Hospital Materno de San Luis de La Paz","Guanajuato","SSA","GTSSA017472","0"
"Hospital General Cd. Obregón","Sonora","SSA","SRSSA000562","0"
"Hospital General de Minatitlan","Veracruz de Ignacio de La Llave","SSA","VZSSA003595","0"
"Ricardo Flores Magon","Michoacán de Ocampo","ISSSTE","MNIST000103","0"
"Hospital General Ticomán","Ciudad de México","SSA","DFSSA000864","0"
"Hospital Regional de Delicias","Chihuahua","SSA","CHSSA001026","0"
"Hospital Comunitario Mascota","Jalisco","SSA","JCSSA003583","0"
"Hospital Regional de Alta Especialidad de La Mujer","Tabasco","SSA","TCSSA001076","0"
"Hospital General Piedras Negras  Dr Salvador Chavarria Sanchez.","Coahuila de Zaragoza","SSA","CLSSA002763","0"
"Hospital del Niño Y La Mujer Dr. Alberto López Hermosa","San Luis Potosí","SSA","SPSSA017301","0"
"Hospital Comunitario Jocotepec","Jalisco","SSA","JCSSA009364","0"
"Hgz 47 Vicente Guerrero","Ciudad de México","IMSS","DFIMS000365","0"
"Cessa Sanctorum","Puebla","SSA","PLSSA017065","0"
"Hg Dr. Javier Ramírez Topete","Chihuahua","SSA","CHSSA000570","0"
"Hospital Regional de Ameca","Jalisco","SSA","JCSSA000165","0"
"Centro de Salud Con Servicios Ampliados (cessa) San Pedro Cholula","Puebla","SSA","PLSSA008854","0"
"Hospital General Silao","Guanajuato","SSA","GTSSA017023","0"
"Hospital de Tlapa","Guerrero","SSA","GRSSA008101","0"
"Hospital Militar de Zona de Mexicali B. C.","Baja California","SEDENA","BCSDN000012","0"
"Umf 45 San Luis Potosi","San Luis Potosí","IMSS","SPIMS000195","0"
"Vicente Guerrero","Durango","IMSS-BIENESTAR","DGIMO001595","0"
"Hgz 23 Teziutlan","Puebla","IMSS","PLIMS000446","0"
"Ort Magdalena Salinas","Ciudad de México","IMSS","DFIMS000196","0"
"Huejutla de Reyes","Hidalgo","ISSSTE","HGIST000041","0"
"Santiago Jamiltepec","Oaxaca","IMSS-BIENESTAR","OCIMO003992","0"
"Hgr1 C.obregon","Sonora","IMSS","SRIMS000145","0"
"Hospital Integral Acaponeta","Nayarit","SSA","NTSSA000013","0"
"Hospital Regional de Alta Especialidad del Bajío","Guanajuato","SSA/CC","GTSSA016796","0"
"Hospital Integral de El Rosario","Sinaloa","SSA","SLSSA001873","0"
"Hospital General Tláhuac","Ciudad de México","SSA","DFSSA018154","0"
"Hgz 18 Playa del Carmen","Quintana Roo","IMSS","QRIMS000154","0"
"Hcard 34 Lincoln","Nuevo León","IMSS","NLIMS000315","0"
"Zacualtipán","Hidalgo","IMSS-BIENESTAR","HGIMO002043","0"
"Tecmeculan","Oaxaca","SSA","OCSSA018922","0"
"Hgzmf 23 Hidalgo Parral","Chihuahua","IMSS","CHIMS000276","0"
"Hospital General de Chetumal","Quintana Roo","SSA","QRSSA000373","0"
"Leon","Guanajuato","ISSSTE","GTIST000091","0"
"Hgzmf 12 Lazaro Cardenas","Michoacán de Ocampo","IMSS","MNIMS000161","0"
"Acanceh","Yucatán","IMSS-BIENESTAR","YNIMO000031","0"
"Unidad de Detección Y Diagnostico Saltillo","Coahuila de Zaragoza","IMSS","CLIMS000596","0"
"Hospital Civil de Guadalajara Fray Antonio Alcalde","Jalisco","SSA","JCSSA002195","0"
"Troncoso","Ciudad de México","IMSS","DFIMS000312","0"
"La Union","Guerrero","IMSS-BIENESTAR","GRIMO000171","0"
"Hgsmf 3 Chilpancingo","Guerrero","IMSS","GRIMS000100","0"
"Unidad Auxiliar Hospitalaria Uabc","Baja California","SSA","BCSSA001765","0"
"Dr. Dario Fernandez Fierro","Ciudad de México","ISSSTE","DFIST000324","0"
"Hospital Comunitario Comonfort","Guanajuato","SSA","GTSSA005502","0"
"Hospital General de Tampico Dr. Carlos Canseco","Tamaulipas","SSA","TSSSA005151","0"
"Hospital General Celaya","Guanajuato","SSA","GTSSA000766","0"
"Hospital Militar Regional de Mérida Yuc.","Yucatán","SEDENA","YNSDN000014","0"
"Hospital Comunitario Alamos","Sonora","SSA","SRSSA000055","0"
"San Carlos","Tamaulipas","IMSS-BIENESTAR","TSIMO000661","0"
"Hgz 30 Mexicali","Baja California","IMSS","BCIMS000122","0"
"Hgz 50 Tangamanga","San Luis Potosí","IMSS","SPIMS000376","0"
"Hgz 68 Tulpetlac","México","IMSS","MCIMS000990","0"
"Guachochi","Chihuahua","IMSS-BIENESTAR","CHIMO000516","0"
"Hgzmf 1 La Paz","Baja California Sur","IMSS","BSIMS000113","0"
"Hgz No. 48 San Pedro Xalpa","Ciudad de México","IMSS","DFIMS000831","0"
"Hgs 38 San José del Cabo","Baja California Sur","IMSS","BSIMS000224","0"
"Hg Oaxaca Dr. Aurelio Valdivieso","Oaxaca","SSA","OCSSA000985","0"
"Hgz 15 Tehuacan","Puebla","IMSS","PLIMS000405","0"
"Oxkutzcab","Yucatán","IMSS-BIENESTAR","YNIMO000446","0"
"Hgr 180 Tlajomulco","Jalisco","IMSS","JCIMS001392","0"
"Villanueva","Zacatecas","IMSS-BIENESTAR","ZSIMO001404","0"
"Hospital Rural de Oportunidades No. 34","Oaxaca","IMSS-BIENESTAR","OCIMO003304","0"
"Hgzmf 1 Pachuca","Hidalgo","IMSS","HGIMS000082","0"
"Hgsmf 8 Tlaxcala","Tlaxcala","IMSS","TLIMS000194","0"
"Hospital General de Zona No. 3","Aguascalientes","IMSS","ASIMS000161","0"
"19 (extensión Hospital Actopan)","Hidalgo","SSA","HGSSA005056","0"
"Hgz 21 Tepatitlan","Jalisco","IMSS","JCIMS000914","0"
"Hgzmf 26 Tala","Jalisco","IMSS","JCIMS000803","0"
"Hg María Lombardo de Caso","Oaxaca","SSA","OCSSA002320","0"
"Hgr 270 Reynosa","Tamaulipas","IMSS","TSIMS000533","0"
"Hospital Integral Zacapoaxtla","Puebla","SSA","PLSSA008281","0"
"Hgr 220 Toluca","México","IMSS","MCIMS000816","0"
"Hc Río Grande","Oaxaca","SSA","OCSSA020684","0"
"Hgzmf 29 S. Juan Aragon","Ciudad de México","IMSS","DFIMS000230","0"
"Rio Bravo","Tamaulipas","ISSSTE","TSIST000170","0"
"Hgz 2 Tuxtla Gutiérrez","Chiapas","IMSS","CSIMS000251","0"
"Hospital General Las Américas","México","SSA","MCSSA010280","0"
"Hgr 2 Villa Coapa","Ciudad de México","IMSS","DFIMS000814","0"
"Hc Nochixtlan","Oaxaca","SSA","OCSSA000121","0"
"Hgzmf 32 Guasave","Sinaloa","IMSS","SLIMS000271","0"
"Hospital Regional de La Barca","Jalisco","SSA","JCSSA013815","0"
"Hgz 4 Celaya","Guanajuato","IMSS","GTIMS000062","0"
"Hospital General de Especialidades Dr. Javier Buenfil Osorio","Campeche","SSA","CCSSA017670","0"
"Centro Médico Naval","Ciudad de México","SEMAR","DFSMA000010","0"
"Hgzmf 21 Leon","Guanajuato","IMSS","GTIMS000243","0"
"Hospital Comunitario de San Juan de Los Lagos","Jalisco","SSA","JCSSA013045","0"
"Hospital General de Santa María del Oro","Durango","SSA","DGSSA001446","0"
"Hospital Regional de Coatzacoalcos Dr.valentin Gómez Farias","Veracruz de Ignacio de La Llave","SSA","VZSSA001150","0"
"Hospital General de Zona 36 de Pachuca","Hidalgo","IMSS","HGIMS000275","0"
"Chignahuapan","Puebla","IMSS-BIENESTAR","PLIMO000691","0"
"Hospital de Especialidades de La Ciudad de Mexico Dr. Belisario Domínguez","Ciudad de México","SSA","DFSSA004265","0"
"El Fuerte","Sinaloa","IMSS-BIENESTAR","SLIMO000576","0"
"19 San Cristobal de Las Casas","Chiapas","SSA","CSSSA009483","0"
"Dr. Francisco Galindo Chavez","Coahuila de Zaragoza","ISSSTE","CLIST000123","0"
"Primero de Octubre","Ciudad de México","ISSSTE","DFIST000090","0"
"Hgz 15 Cd. Reynosa","Tamaulipas","IMSS","TSIMS000310","0"
"Hospital General de Camargo","Chihuahua","SSA","CHSSA000372","0"
"19","México","IMSS","MCIMS001224","0"
"Hgzmf 5 Tula de Hidalgo","Hidalgo","IMSS","HGIMS000164","0"
"Hospital General San Luis de La Paz","Guanajuato","SSA","GTSSA004003","0"
"Cd. Juarez","Chihuahua","ISSSTE","CHIST000112","0"
"Hgz 194 El Molinito","México","IMSS","MCIMS000326","0"
"Hospital General Tehuacan","Puebla","SSA","PLSSA003663","0"
"Hgz 6 Cd.juárez","Chihuahua","IMSS","CHIMS000293","0"
"Tuxpan","Veracruz de Ignacio de La Llave","ISSSTE","VZIST000296","0"
"Hgr 251 Metepec","México","IMSS","MCIMS001185","0"
"19 Palenque","Chiapas","SSA","CSSSA019510","0"
"Hospital  Naval de Lazaro Cardenas","Michoacán de Ocampo","SEMAR","MNSMA000011","0"
"Hgz 13 Matamoros","Tamaulipas","IMSS","TSIMS000211","0"
"Hospital Y Centro Médico San Jorge de Monterrey Sa de Cv","Nuevo León","SMP","NLSMP000810","0"
"Zitacuaro","Michoacán de Ocampo","ISSSTE","MNIST000231","0"
"Chilpancingo de Los Bravo","Guerrero","ISSSTE","GRIST000112","0"
"Puerto Vallarta","Jalisco","ISSSTE","JCIST000086","0"
"Hospital de Las Culturas San Cristobal de Las Casas","Chiapas","SSA","CSSSA018764","0"
"Hospital Materno Perinatal Mónica Pretelini Sáenz","México","SSA","MCSSA007673","0"
"Hospital General Acambaro Miguel Hidalgo","Guanajuato","SSA","GTSSA017414","0"
"H.g. José Vicente Villada","México","SSA","MCSSA001636","0"
"Hospital General Dr. Rubén Leñero","Ciudad de México","SSA","DFSSA003553","0"
"19 Siglo Xxi","Yucatán","SSA","YNSSA001866","0"
"Cessa La Libertad","Puebla","SSA","PLSSA017134","0"
"Piedras Negras","Coahuila de Zaragoza","ISSSTE","CLIST000094","0"
"Hospital de La Mujer Comitán","Chiapas","SSA","CSSSA018776","0"
"Celaya","Guanajuato","ISSSTE","GTIST000045","0"
"Hr_issste","Puebla","ISSSTE","PLIST000101","0"
"Dr. Jorge Soberon Acevedo","Guerrero","SSA","GRSSA004490","0"
"Pinotepa Nacional","Oaxaca","ISSSTE","OCIST000240","0"
"San Luis Potosi","San Luis Potosí","ISSSTE","SPIST000113","0"
"Hospital Basico Comunitario de Tondoroque","Nayarit","SSA","NTSSA015874","0"
"Hospital General de San Luis Río Colorado","Sonora","SSA","SRSSA002085","0"
"Cd. Valles","San Luis Potosí","ISSSTE","SPIST000055","0"
"Hospital Regional Tenancingo Issemym","México","SME","MCSME000752","0"
"Unidad Auxiliar Hospitalaria Zonkeys","Baja California","SSA","BCSSA001753","0"
"Hospital Integral de Tlanchinol","Hidalgo","SSA","HGSSA015503","0"
"Hospital Integral Valle del Carrizo","Sinaloa","SSA","SLSSA002573","0"
"Hospital Integral Cinta Larga","Hidalgo","SSA","HGSSA002162","0"
"Hospital General del Valle del Mezquital Ixmiquilpan","Hidalgo","SSA","HGSSA001590","0"
"H.g. Dr.salvador González Herrejon","México","SSA","MCSSA001011","0"
"Hospital General Guasave","Sinaloa","SSA","SLSSA001255","0"
"Hospital General de Caborca","Sonora","SSA","SRSSA006261","0"
"Hospital General María Ignacia Gandulfo Comitan","Chiapas","SSA","CSSSA001030","0"